minute,match_id,side,ticker,median_c,trades
2026-10-06T06:51,997738,2,KXATPMATCH-26OCT05NISSVR-NIS,60,15
2026-10-06T06:52,997738,2,KXATPMATCH-26OCT05NISSVR-NIS,60,1
2026-10-06T06:53,997738,2,KXATPMATCH-26OCT05NISSVR-NIS,62.5,2
2026-10-06T06:54,997738,2,KXATPMATCH-26OCT05NISSVR-NIS,63.0,2
2026-10-06T06:55,997738,2,KXATPMATCH-26OCT05NISSVR-NIS,64.5,2
2026-10-06T06:56,997738,2,KXATPMATCH-26OCT05NISSVR-NIS,64,1
2026-10-06T06:57,997738,2,KXATPMATCH-26OCT05NISSVR-NIS,65,1
2026-10-06T06:58,997738,2,KXATPMATCH-26OCT05NISSVR-NIS,69,1
2026-10-06T06:59,997738,2,KXATPMATCH-26OCT05NISSVR-NIS,76.0,6
2026-10-06T07:00,997738,2,KXATPMATCH-26OCT05NISSVR-NIS,79.0,4
2026-10-06T07:01,997738,2,KXATPMATCH-26OCT05NISSVR-NIS,82,15
2026-10-06T07:02,997738,2,KXATPMATCH-26OCT05NISSVR-NIS,82.0,8
2026-10-06T07:03,997738,2,KXATPMATCH-26OCT05NISSVR-NIS,82,3
2026-10-06T07:04,997738,2,KXATPMATCH-26OCT05NISSVR-NIS,82,1
2026-10-06T07:05,997738,2,KXATPMATCH-26OCT05NISSVR-NIS,83,5
2026-10-06T07:06,997738,2,KXATPMATCH-26OCT05NISSVR-NIS,83,5
2026-10-06T07:07,997738,2,KXATPMATCH-26OCT05NISSVR-NIS,85.0,6
2026-10-06T07:08,997738,2,KXATPMATCH-26OCT05NISSVR-NIS,82,3
2026-10-06T07:09,997738,2,KXATPMATCH-26OCT05NISSVR-NIS,80.0,4
2026-10-06T07:10,997738,2,KXATPMATCH-26OCT05NISSVR-NIS,77,7
2026-10-06T07:11,997738,2,KXATPMATCH-26OCT05NISSVR-NIS,71,11
2026-10-06T07:12,997738,2,KXATPMATCH-26OCT05NISSVR-NIS,76,9
2026-10-06T07:13,997738,2,KXATPMATCH-26OCT05NISSVR-NIS,76.5,12
2026-10-06T07:14,997738,2,KXATPMATCH-26OCT05NISSVR-NIS,80,3
2026-10-06T07:15,997738,2,KXATPMATCH-26OCT05NISSVR-NIS,83.0,2
2026-10-06T07:16,997738,2,KXATPMATCH-26OCT05NISSVR-NIS,84,5
2026-10-06T07:17,997738,2,KXATPMATCH-26OCT05NISSVR-NIS,84.0,2
2026-10-06T07:18,997738,2,KXATPMATCH-26OCT05NISSVR-NIS,85,5
2026-10-06T07:19,997738,2,KXATPMATCH-26OCT05NISSVR-NIS,89,41
2026-10-06T07:20,997738,2,KXATPMATCH-26OCT05NISSVR-NIS,85.0,6
2026-10-06T07:21,997738,2,KXATPMATCH-26OCT05NISSVR-NIS,84,3
2026-10-06T07:22,997738,2,KXATPMATCH-26OCT05NISSVR-NIS,88.0,2
2026-10-06T07:23,997738,2,KXATPMATCH-26OCT05NISSVR-NIS,84.0,22
2026-10-06T07:24,997738,2,KXATPMATCH-26OCT05NISSVR-NIS,87.5,42
2026-10-06T07:25,997738,2,KXATPMATCH-26OCT05NISSVR-NIS,86,7
2026-10-06T07:26,997738,2,KXATPMATCH-26OCT05NISSVR-NIS,97.0,92
2026-10-06T07:27,997738,2,KXATPMATCH-26OCT05NISSVR-NIS,99,1
2026-10-06T08:13,997904,2,KXATPCHALLENGERMATCH-26OCT06GADVIV-GAD,56.0,4
2026-10-06T08:14,997904,2,KXATPCHALLENGERMATCH-26OCT06GADVIV-GAD,60,1
2026-10-06T08:17,997904,2,KXATPCHALLENGERMATCH-26OCT06GADVIV-GAD,66.5,2
2026-10-06T08:18,997904,2,KXATPCHALLENGERMATCH-26OCT06GADVIV-GAD,69.0,6
2026-10-06T08:19,997904,2,KXATPCHALLENGERMATCH-26OCT06GADVIV-GAD,62.5,2
